plurals.f.lemma,Base.Word,COUNT.Base.Word
ads,ad,1
adults,adult,1
afternoons,afternoon,1
ages,age,1
animals,animal,1
answers,answer,1
arms,arm,1
bags,bag,1
balls,ball,1
bananas,banana,1
bands,band,1
banks,bank,1
baseballs,baseball,1
basketballs,basketball,1
bats,bat,1
bathrooms,bathroom,1
beans,bean,1
beards,beard,1
beds,bed,1
bedrooms,bedroom,1
beers,beer,1
bikes,bike,1
birds,bird,1
birthdays,birthday,1
blouses,blouse,1
boards,board,1
boats,boat,1
books,book,1
bookcases,bookcase,1
bookstores,bookstore,1
boots,boot,1
bottoms,bottom,1
boys,boy,1
breads,bread,1
breakfasts,breakfast,1
brothers,brother,1
butters,butter,1
cakes,cake,1
cameras,camera,1
cats,cat,1
chairs,chair,1
chocolates,chocolate,1
classrooms,classroom,1
clocks,clock,1
coats,coat,1
coffees,coffee,1
colors,color,1
computers,computer,1
conversations,conversation,1
courses,course,1
cows,cow,1
crackers,cracker,1
cups,cup,1
dads,dad,1
dates,date,1
daughters,daughter,1
days,day,1
desks,desk,1
dinners,dinner,1
doctors,doctor,1
dolls,doll,1
dollars,dollar,1
doors,door,1
drinks,drink,1
ears,ear,1
eggs,egg,1
ends,end,1
erasers,eraser,1
evenings,evening,1
examples,example,1
eyes,eye,1
faces,face,1
farms,farm,1
fathers,father,1
floors,floor,1
flowers,flower,1
foods,food,1
footballs,football,1
fridays,friday,1
friends,friend,1
fruits,fruit,1
games,game,1
gardens,garden,1
girls,girl,1
glasses,glasses,1
groups,group,1
guitars,guitar,1
hairs,hair,1
hands,hand,1
heads,head,1
holidays,holiday,1
homes,home,1
homeworks,homework,1
horses,horse,1
hospitals,hospital,1
hours,hour,1
houses,house,1
husbands,husband,1
jackets,jacket,1
jeans,jeans,1
jobs,job,1
juices,juice,1
keys,key,1
kinds,kind,1
kitchens,kitchen,1
knifes,knife,1
languages,language,1
legs,leg,1
lessons,lesson,1
letters,letter,1
lifes,life,1
meals,meal,1
meats,meat,1
messages,message,1
milks,milk,1
minutes,minute,1
moms,mom,1
mondays,monday,1
moneys,money,1
months,month,1
mornings,morning,1
mothers,mother,1
mouths,mouth,1
movies,movie,1
museums,museum,1
names,name,1
newspapers,newspaper,1
nights,night,1
noises,noise,1
notes,note,1
numbers,number,1
oranges,orange,1
pages,page,1
paints,paint,1
pairs,pair,1
papers,paper,1
parents,parent,1
parks,park,1
parts,part,1
pens,pen,1
pencils,pencil,1
peoples,people,1
persons,person,1
pets,pet,1
phones,phone,1
photos,photo,1
picnics,picnic,1
pictures,picture,1
pigs,pig,1
pizzas,pizza,1
players,player,1
problems,problem,1
quarters,quarter,1
questions,question,1
radios,radio,1
rains,rain,1
readings,reading,1
refrigerators,refrigerator,1
restaurants,restaurant,1
rivers,river,1
roads,road,1
rooms,room,1
salts,salt,1
saturdays,saturday,1
schools,school,1
sentences,sentence,1
shirts,shirt,1
showers,shower,1
sisters,sister,1
skirts,skirt,1
snows,snow,1
soups,soup,1
sports,sport,1
stations,station,1
streets,street,1
students,student,1
subjects,subject,1
subways,subway,1
sugars,sugar,1
summers,summer,1
suns,sun,1
sundays,sunday,1
supermarkets,supermarket,1
taxis,taxi,1
teas,tea,1
teachers,teacher,1
televisions,television,1
tennis,tennis,1
tests,test,1
things,thing,1
thursdays,thursday,1
tickets,ticket,1
times,time,1
todays,today,1
toilets,toilet,1
tomorrows,tomorrow,1
towns,town,1
trains,train,1
trees,tree,1
tuesdays,tuesday,1
tvs,tv,1
vacations,vacation,1
vegetables,vegetable,1
villages,village,1
waiters,waiter,1
walls,wall,1
waters,water,1
weathers,weather,1
wednesdays,wednesday,1
weeks,week,1
weekends,weekend,1
winds,wind,1
windows,window,1
words,word,1
works,work,1
worlds,world,1
writings,writing,1
years,year,1
zoos,zoo,1
accidents,accident,1
actors,actor,1
adjectives,adjective,1
adventures,adventure,1
adverbs,adverb,1
advertisements,advertisement,1
airs,air,1
airplanes,airplane,1
airports,airport,1
albums,album,1
alcohols,alcohol,1
apartments,apartment,1
appointments,appointment,1
areas,area,1
armchairs,armchair,1
arts,art,1
aunts,aunt,1
backs,back,1
backpacks,backpack,1
balloons,balloon,1
bandages,bandage,1
barbecues,barbecue,1
bears,bear,1
beginners,beginner,1
beginnings,beginning,1
bicycles,bicycle,1
bills,bill,1
births,birth,1
blacks,black,1
blackboards,blackboard,1
blankets,blanket,1
blocks,block,1
bloods,blood,1
blues,blue,1
bowls,bowl,1
boyfriends,boyfriend,1
bracelets,bracelet,1
brains,brain,1
breaks,break,1
bridges,bridge,1
browns,brown,1
buildings,building,1
burgers,burger,1
cabinets,cabinet,1
cafeterias,cafeteria,1
calendars,calendar,1
calls,call,1
capitals,capital,1
cards,card,1
carpets,carpet,1
carrots,carrot,1
cartoons,cartoon,1
castles,castle,1
cathedrals,cathedral,1
ceilings,ceiling,1
cents,cent,1
centers,center,1
centimeters,centimeter,1
cereals,cereal,1
chains,chain,1
champagnes,champagne,1
changes,change,1
channels,channel,1
chats,chat,1
checks,check,1
chefs,chef,1
chickens,chicken,1
cigarettes,cigarette,1
circles,circle,1
classmates,classmate,1
cleaners,cleaner,1
clicks,click,1
closets,closet,1
clouds,cloud,1
clowns,clown,1
clubs,club,1
colas,cola,1
colds,cold,1
colleagues,colleague,1
colleges,college,1
combs,comb,1
competitions,competition,1
concerts,concert,1
contacts,contact,1
cooks,cook,1
cookies,cookie,1
corners,corner,1
costs,cost,1
cousins,cousin,1
creams,cream,1
crickets,cricket,1
crowds,crowd,1
curtains,curtain,1
customers,customer,1
dancers,dancer,1
dangers,danger,1
decks,deck,1
degrees,degree,1
delays,delay,1
departments,department,1
deserts,desert,1
desserts,dessert,1
differences,difference,1
dinosaurs,dinosaur,1
diplomas,diploma,1
directions,directions,1
discos,disco,1
discounts,discount,1
documents,document,1
drawers,drawer,1
drawings,drawing,1
dreams,dream,1
dressers,dresser,1
drivers,driver,1
drums,drum,1
ducks,duck,1
earrings,earring,1
elephants,elephant,1
elevators,elevator,1
engines,engine,1
engineers,engineer,1
entrances,entrance,1
envelopes,envelope,1
euros,euro,1
exams,exam,1
examinations,examination,1
exercises,exercise,1
exits,exit,1
facts,fact,1
falls,fall,1
fans,fan,1
farmers,farmer,1
fashions,fashion,1
fields,field,1
files,file,1
fingers,finger,1
fires,fire,1
flights,flight,1
fogs,fog,1
folders,folder,1
forests,forest,1
forks,fork,1
forms,form,1
garlics,garlic,1
gates,gate,1
gifts,gift,1
girlfriends,girlfriend,1
goals,goal,1
graduates,graduate,1
grams,gram,1
grammars,grammar,1
granddads,granddad,1
granddaughters,granddaughter,1
grandfathers,grandfather,1
grandmas,grandma,1
grandmothers,grandmother,1
grandpas,grandpa,1
grandparents,grandparent,1
grandsons,grandson,1
grays,gray,1
greens,green,1
guests,guest,1
guides,guide,1
guidebooks,guidebook,1
guys,guy,1
gyms,gym,1
halfs,half,1
halls,hall,1
headaches,headache,1
hearts,heart,1
heats,heat,1
helicopters,helicopter,1
helps,help,1
highways,highway,1
hills,hill,1
ids,id,1
ideas,idea,1
identifications,identification,1
insects,insect,1
instruments,instrument,1
invitations,invitation,1
islands,island,1
its,it,1
jams,jam,1
keyboards,keyboard,1
kicks,kick,1
kids,kid,1
kilos,kilo,1
kilograms,kilogram,1
kilometers,kilometer,1
kings,king,1
kites,kite,1
lakes,lake,1
lamps,lamp,1
laptops,laptop,1
leathers,leather,1
lefts,left,1
lemons,lemon,1
lemonades,lemonade,1
levels,level,1
lifts,lift,1
lights,light,1
lines,line,1
lions,lion,1
lists,list,1
liters,liter,1
luggages,luggage,1
lunchtimes,lunchtime,1
machines,machine,1
magazines,magazine,1
mails,mail,1
managers,manager,1
maps,map,1
marks,mark,1
markets,market,1
maths,math,1
mechanics,mechanic,1
medicines,medicine,1
meetings,meeting,1
melons,melon,1
members,member,1
menus,menu,1
meters,meter,1
mirrors,mirror,1
mistakes,mistake,1
models,model,1
moments,moment,1
monkeys,monkey,1
mosques,mosque,1
motorcycles,motorcycle,1
mountains,mountain,1
mugs,mug,1
mushrooms,mushroom,1
natures,nature,1
necks,neck,1
necklaces,necklace,1
neighbors,neighbor,1
noons,noon,1
notebooks,notebook,1
nouns,noun,1
nurses,nurse,1
occupations,occupation,1
oceans,ocean,1
offers,offer,1
offices,office,1
oils,oil,1
omelets,omelet,1
onions,onion,1
operas,opera,1
orders,order,1
pains,pain,1
painters,painter,1
paintings,painting,1
pajamas,pajamas,1
partners,partner,1
passengers,passenger,1
passports,passport,1
paths,path,1
pears,pear,1
peppers,pepper,1
perfumes,perfume,1
photographs,photograph,1
photographers,photographer,1
physics,physics,1
pianos,piano,1
pillows,pillow,1
pilots,pilot,1
pinks,pink,1
plastics,plastic,1
platforms,platform,1
plays,play,1
playgrounds,playground,1
plurals,plural,1
pockets,pocket,1
pools,pool,1
postcards,postcard,1
posters,poster,1
practices,practice,1
presents,present,1
presidents,president,1
principals,principal,1
printers,printer,1
prizes,prize,1
programs,program,1
projects,project,1
purples,purple,1
puzzles,puzzle,1
rabbits,rabbit,1
races,race,1
rackets,racket,1
railroads,railroad,1
raincoats,raincoat,1
reasons,reason,1
receipts,receipt,1
receptionists,receptionist,1
reds,red,1
rents,rent,1
rests,rest,1
restrooms,restroom,1
rights,right,1
rings,ring,1
rocks,rock,1
roofs,roof,1
roommates,roommate,1
rulers,ruler,1
runners,runner,1
sailings,sailing,1
salads,salad,1
salespersons,salesperson,1
sauces,sauce,1
sausages,sausage,1
schedules,schedule,1
sciences,science,1
scissors,scissors,1
scooters,scooter,1
screens,screen,1
seas,sea,1
seats,seat,1
seconds,second,1
semesters,semester,1
sets,set,1
shampoos,shampoo,1
ships,ship,1
shops,shop,1
shorts,shorts,1
shows,show,1
signs,sign,1
singers,singer,1
singulars,singular,1
sinks,sink,1
sites,site,1
sizes,size,1
skates,skate,1
skateboards,skateboard,1
skiings,skiing,1
slices,slice,1
snacks,snack,1
snakes,snake,1
sneakers,sneaker,1
soaps,soap,1
soccers,soccer,1
socks,sock,1
sofas,sofa,1
softwares,software,1
songs,song,1
sorts,sort,1
souls,soul,1
sounds,sound,1
spaces,space,1
speakers,speaker,1
spellings,spelling,1
spoons,spoon,1
springs,spring,1
squares,square,1
stadiums,stadium,1
staffs,staff,1
stages,stage,1
stairs,stairs,1
stamps,stamp,1
steaks,steak,1
stomachs,stomach,1
stomachaches,stomachache,1
suitcases,suitcase,1
sunglasses,sunglasses,1
superlatives,superlative,1
surprises,surprise,1
sweaters,sweater,1
swims,swim,1
swimsuits,swimsuit,1
teams,team,1
teenagers,teenager,1
telephones,telephone,1
temperatures,temperature,1
texts,text,1
textbooks,textbook,1
theaters,theater,1
thunderstorms,thunderstorm,1
ties,tie,1
tights,tights,1
tires,tire,1
toes,toe,1
toothaches,toothache,1
tops,top,1
tours,tour,1
tourists,tourist,1
towels,towel,1
toys,toy,1
trams,tram,1
types,type,1
umbrellas,umbrella,1
uncles,uncle,1
uniforms,uniform,1
uses,use,1
verbs,verb,1
videos,video,1
views,view,1
violins,violin,1
visitors,visitor,1
volleyballs,volleyball,1
walks,walk,1
wallets,wallet,1
ways,way,1
weekdays,weekday,1
wheels,wheel,1
whites,white,1
woods,wood,1
wools,wool,1
workbooks,workbook,1
workers,worker,1
yards,yard,1
yellows,yellow,1
yogurts,yogurt,1
accents,accent,1
accounts,account,1
accountants,accountant,1
aches,ache,1
achievements,achievement,1
actions,action,1
admissions,admission,1
advantages,advantage,1
aims,aim,1
airlines,airline,1
alarms,alarm,1
alphabets,alphabet,1
ambitions,ambition,1
ambulances,ambulance,1
amounts,amount,1
angels,angel,1
animations,animation,1
ankles,ankle,1
announcements,announcement,1
ants,ant,1
antiques,antique,1
appearances,appearance,1
applications,application,1
architects,architect,1
architectures,architecture,1
arguments,argument,1
arrangements,arrangement,1
arrivals,arrival,1
articles,article,1
aspirins,aspirin,1
assignments,assignment,1
assistants,assistant,1
athletes,athlete,1
atmospheres,atmosphere,1
attacks,attack,1
attentions,attention,1
attitudes,attitude,1
attractions,attraction,1
audiences,audience,1
authors,author,1
averages,average,1
babysitters,babysitter,1
backaches,backache,1
backgrounds,background,1
backpackers,backpacker,1
backyards,backyard,1
bacons,bacon,1
bakers,baker,1
barbers,barber,1
barbershops,barbershop,1
bargains,bargain,1
baskets,basket,1
bathtubs,bathtub,1
battles,battle,1
bays,bay,1
bees,bee,1
beefs,beef,1
behaviors,behavior,1
benefits,benefit,1
blogs,blog,1
bloggers,blogger,1
borders,border,1
brakes,brake,1
breasts,breast,1
breezes,breeze,1
broccolis,broccoli,1
brochures,brochure,1
buckets,bucket,1
bugs,bug,1
builders,builder,1
bulbs,bulb,1
bulls,bull,1
butchers,butcher,1
buttons,button,1
buyers,buyer,1
cabs,cab,1
cabbages,cabbage,1
cages,cage,1
calculators,calculator,1
camels,camel,1
camps,camp,1
campsites,campsite,1
canals,canal,1
cancers,cancer,1
candles,candle,1
captains,captain,1
careers,career,1
caves,cave,1
celebrations,celebration,1
certificates,certificate,1
challenges,challenge,1
champions,champion,1
championships,championship,1
chances,chance,1
chapters,chapter,1
characters,character,1
checkouts,checkout,1
cheeks,cheek,1
chemists,chemist,1
childhoods,childhood,1
choices,choice,1
cinemas,cinema,1
cliffs,cliff,1
climates,climate,1
clinics,clinic,1
coasts,coast,1
coconuts,coconut,1
coins,coin,1
collars,collar,1
collections,collection,1
comments,comment,1
commercials,commercial,1
communications,communication,1
competitors,competitor,1
complaints,complaint,1
compositions,composition,1
conclusions,conclusion,1
conditions,condition,1
conferences,conference,1
connections,connection,1
consonants,consonant,1
contents,contents,1
contests,contest,1
continents,continent,1
contracts,contract,1
corns,corn,1
corrections,correction,1
cottages,cottage,1
cottons,cotton,1
coughs,cough,1
couples,couple,1
courts,court,1
covers,cover,1
creatures,creature,1
credits,credit,1
crews,crew,1
crimes,crime,1
criminals,criminal,1
crops,crop,1
crossings,crossing,1
cruises,cruise,1
cucumbers,cucumber,1
cultures,culture,1
cupboards,cupboard,1
curriculums,curriculum,1
cushions,cushion,1
customs,custom,1
cuts,cut,1
cyclists,cyclist,1
damages,damage,1
deaths,death,1
decisions,decision,1
decreases,decrease,1
defeats,defeat,1
defenses,defense,1
demands,demand,1
departures,departure,1
deposits,deposit,1
depths,depth,1
descriptions,description,1
designs,design,1
designers,designer,1
destinations,destination,1
details,detail,1
detectives,detective,1
developments,development,1
diagrams,diagram,1
diets,diet,1
directions,direction,1
directors,director,1
disadvantages,disadvantage,1
disappointments,disappointment,1
discussions,discussion,1
diseases,disease,1
dishwashers,dishwasher,1
disks,disk,1
displays,display,1
distances,distance,1
districts,district,1
divers,diver,1
dolphins,dolphin,1
donkeys,donkey,1
doubts,doubt,1
downloads,download,1
dozens,dozen,1
dramas,drama,1
drives,drive,1
drops,drop,1
drugstores,drugstore,1
dusts,dust,1
earaches,earache,1
earths,earth,1
economics,economics,1
edges,edge,1
educations,education,1
effects,effect,1
efforts,effort,1
elbows,elbow,1
elections,election,1
employees,employee,1
employers,employer,1
employments,employment,1
endings,ending,1
entertainments,entertainment,1
equipments,equipment,1
essays,essay,1
events,event,1
exchanges,exchange,1
excitements,excitement,1
excuses,excuse,1
exhibitions,exhibition,1
expeditions,expedition,1
experiments,experiment,1
experts,expert,1
explanations,explanation,1
extras,extra,1
fairs,fair,1
faucets,faucet,1
favors,favor,1
fears,fear,1
fees,fee,1
feelings,feeling,1
festivals,festival,1
fevers,fever,1
fictions,fiction,1
fights,fight,1
figures,figure,1
films,film,1
fines,fine,1
firefighters,firefighter,1
fireworks,firework,1
fitness,fitness,1
flags,flag,1
flavors,flavor,1
floods,flood,1
flours,flour,1
flutes,flute,1
folks,folk,1
fools,fool,1
forecasts,forecast,1
foreheads,forehead,1
foreigners,foreigner,1
fountains,fountain,1
frames,frame,1
freezers,freezer,1
fridges,fridge,1
friendships,friendship,1
frogs,frog,1
fuels,fuel,1
furs,fur,1
futures,future,1
garbages,garbage,1
generations,generation,1
ghosts,ghost,1
giraffes,giraffe,1
goalkeepers,goalkeeper,1
goats,goat,1
governments,government,1
graduations,graduation,1
graphics,graphics,1
greetings,greeting,1
groceries,groceries,1
grooms,groom,1
guards,guard,1
guitarists,guitarist,1
guns,gun,1
gymnastics,gymnastics,1
habits,habit,1
haircuts,haircut,1
hairdressers,hairdresser,1
hairstylists,hairstylist,1
handkerchiefs,handkerchief,1
happiness,happiness,1
harbors,harbor,1
headlines,headline,1
heaters,heater,1
heels,heel,1
heights,height,1
herbs,herb,1
hits,hit,1
holes,hole,1
honeymoons,honeymoon,1
hopes,hope,1
hostels,hostel,1
hugs,hug,1
humans,human,1
hungers,hunger,1
huts,hut,1
imaginations,imagination,1
immigrations,immigration,1
improvements,improvement,1
infinitives,infinitive,1
ingredients,ingredient,1
initials,initial,1
inks,ink,1
instructors,instructor,1
interests,interest,1
intermissions,intermission,1
interviews,interview,1
inventions,invention,1
irons,iron,1
ironings,ironing,1
issues,issue,1
items,item,1
jails,jail,1
jars,jar,1
jets,jet,1
jokes,joke,1
journalists,journalist,1
judges,judge,1
jumps,jump,1
jungles,jungle,1
kangaroos,kangaroo,1
keepers,keeper,1
kettles,kettle,1
killers,killer,1
killings,killing,1
kittens,kitten,1
knees,knee,1
knowledges,knowledge,1
labs,lab,1
labels,label,1
ladders,ladder,1
lambs,lamb,1
lands,land,1
landscapes,landscape,1
laughs,laugh,1
laws,law,1
lawyers,lawyer,1
leaders,leader,1
leagues,league,1
lectures,lecture,1
lengths,length,1
lettuces,lettuce,1
lies,lie,1
lighters,lighter,1
lightnings,lightning,1
links,link,1
lips,lip,1
liquids,liquid,1
literatures,literature,1
loans,loan,1
locations,location,1
locks,lock,1
logos,logo,1
looks,look,1
loves,love,1
lovers,lover,1
malls,mall,1
marriages,marriage,1
materials,material,1
maximums,maximum,1
meanings,meaning,1
memberships,membership,1
metals,metal,1
methods,method,1
miles,mile,1
millimeters,millimeter,1
minds,mind,1
minimums,minimum,1
monsters,monster,1
monuments,monument,1
moods,mood,1
murders,murder,1
murderers,murderer,1
musicians,musician,1
mustaches,mustache,1
neighborhoods,neighborhood,1
nephews,nephew,1
nets,net,1
nicknames,nickname,1
nieces,niece,1
nightclubs,nightclub,1
nightmares,nightmare,1
novels,novel,1
objects,object,1
occasions,occasion,1
offenses,offense,1
officers,officer,1
olives,olive,1
operations,operation,1
opinions,opinion,1
opposites,opposite,1
options,option,1
orchestras,orchestra,1
organizations,organization,1
ovens,oven,1
owners,owner,1
palaces,palace,1
paragraphs,paragraph,1
parrots,parrot,1
passwords,password,1
patients,patient,1
patterns,pattern,1
pays,pay,1
peas,pea,1
peaks,peak,1
peanuts,peanut,1
pedestrians,pedestrian,1
penguins,penguin,1
performances,performance,1
performers,performer,1
periods,period,1
permissions,permission,1
phrases,phrase,1
pies,pie,1
piles,pile,1
pills,pill,1
pineapples,pineapple,1
pipes,pipe,1
planets,planet,1
pleasures,pleasure,1
plugs,plug,1
poems,poem,1
poets,poet,1
politicians,politician,1
pollutions,pollution,1
popcorns,popcorn,1
populations,population,1
porks,pork,1
ports,port,1
positions,position,1
pots,pot,1
powders,powder,1
powers,power,1
prayers,prayer,1
preparations,preparation,1
prepositions,preposition,1
prescriptions,prescription,1
presentations,presentation,1
princes,prince,1
prisons,prison,1
prisoners,prisoner,1
products,product,1
professions,profession,1
professors,professor,1
promises,promise,1
pronouns,pronoun,1
pronunciations,pronunciation,1
pullovers,pullover,1
pumps,pump,1
purposes,purpose,1
questionnaires,questionnaire,1
rails,rail,1
ranges,range,1
readers,reader,1
recipes,recipe,1
records,record,1
recordings,recording,1
recyclings,recycling,1
refreshments,refreshments,1
refunds,refund,1
regions,region,1
registrations,registration,1
relations,relation,1
relationships,relationship,1
relatives,relative,1
relaxations,relaxation,1
religions,religion,1
repairs,repair,1
reports,report,1
reporters,reporter,1
requests,request,1
rescues,rescue,1
reservations,reservation,1
resorts,resort,1
respects,respect,1
results,result,1
returns,return,1
rewards,reward,1
riders,rider,1
robots,robot,1
roles,role,1
rolls,roll,1
romances,romance,1
roses,rose,1
routes,route,1
routines,routine,1
rows,row,1
rugs,rug,1
ruins,ruin,1
rules,rule,1
sailors,sailor,1
salons,salon,1
sands,sand,1
sandals,sandal,1
saucers,saucer,1
scenes,scene,1
scientists,scientist,1
scores,score,1
screams,scream,1
sculptures,sculpture,1
seasons,season,1
sections,section,1
sellers,seller,1
senses,sense,1
servers,server,1
sessions,session,1
shades,shade,1
shadows,shadow,1
shapes,shape,1
sharks,shark,1
sheets,sheet,1
shocks,shock,1
shores,shore,1
shoulders,shoulder,1
shouts,shout,1
shrimps,shrimp,1
sidewalks,sidewalk,1
sights,sight,1
signposts,signpost,1
silences,silence,1
silks,silk,1
situations,situation,1
skills,skill,1
skins,skin,1
sleeps,sleep,1
sleeves,sleeve,1
smells,smell,1
smiles,smile,1
smokes,smoke,1
snowboards,snowboard,1
soldiers,soldier,1
solutions,solution,1
souvenirs,souvenir,1
speeds,speed,1
spices,spice,1
spiders,spider,1
spots,spot,1
stains,stain,1
stalls,stall,1
starts,start,1
stays,stay,1
steps,step,1
sticks,stick,1
strangers,stranger,1
streams,stream,1
strikes,strike,1
stripes,stripe,1
studios,studio,1
stuffs,stuff,1
suggestions,suggestion,1
sums,sum,1
sunrises,sunrise,1
sunsets,sunset,1
supports,support,1
sweatshirts,sweatshirt,1
swimmers,swimmer,1
systems,system,1
tablets,tablet,1
takeouts,takeout,1
talents,talent,1
talks,talk,1
tastes,taste,1
teachings,teaching,1
tears,tear,1
techniques,technique,1
temples,temple,1
tenses,tense,1
tents,tent,1
thoughts,thought,1
thrillers,thriller,1
throats,throat,1
thumbs,thumb,1
thunders,thunder,1
tigers,tiger,1
tips,tip,1
tissues,tissue,1
tongues,tongue,1
toothpastes,toothpaste,1
topics,topic,1
totals,total,1
tournaments,tournament,1
towers,tower,1
tracks,track,1
trades,trade,1
trainers,trainer,1
translations,translation,1
travels,travel,1
travelers,traveler,1
trends,trend,1
tricks,trick,1
troubles,trouble,1
trucks,truck,1
trumpets,trumpet,1
trunks,trunk,1
tubes,tube,1
tunas,tuna,1
tunnels,tunnel,1
turkeys,turkey,1
turns,turn,1
underpants,underpants,1
unions,union,1
users,user,1
valleys,valley,1
values,value,1
vases,vase,1
vegetarians,vegetarian,1
vehicles,vehicle,1
vets,vet,1
visas,visa,1
visits,visit,1
voices,voice,1
volumes,volume,1
votes,vote,1
vowels,vowel,1
wages,wage,1
warnings,warning,1
wastes,waste,1
waterfalls,waterfall,1
waves,wave,1
webs,web,1
webcams,webcam,1
weddings,wedding,1
weights,weight,1
welcomes,welcome,1
whales,whale,1
wheelchairs,wheelchair,1
wings,wing,1
workouts,workout,1
writers,writer,1
youths,youth,1
zones,zone,1
absences,absence,1
abuses,abuse,1
accommodations,accommodations,1
acids,acid,1
addicts,addict,1
addictions,addiction,1
additions,addition,1
adjustments,adjustment,1
adoptions,adoption,1
advances,advance,1
affairs,affair,1
affections,affection,1
agents,agent,1
agreements,agreement,1
alternatives,alternative,1
ambassadors,ambassador,1
amusements,amusement,1
analysis,analysis,1
analysts,analyst,1
angers,anger,1
apostrophes,apostrophe,1
appeals,appeal,1
approvals,approval,1
arrests,arrest,1
arrows,arrow,1
aspects,aspect,1
assessments,assessment,1
associations,association,1
astonishments,astonishment,1
atoms,atom,1
attachments,attachment,1
attempts,attempt,1
attics,attic,1
awards,award,1
backups,backup,1
balances,balance,1
ballets,ballet,1
bangs,bang,1
bankers,banker,1
barriers,barrier,1
bartenders,bartender,1
basements,basement,1
beams,beam,1
beats,beat,1
belongings,belongings,1
bends,bend,1
bestsellers,bestseller,1
bikinis,bikini,1
billions,billion,1
bites,bite,1
blades,blade,1
blames,blame,1
bombers,bomber,1
bombings,bombing,1
bonds,bond,1
booklets,booklet,1
bookmarks,bookmark,1
bows,bow,1
brands,brand,1
breakdowns,breakdown,1
breakthroughs,breakthrough,1
breeds,breed,1
bricks,brick,1
browsers,browser,1
bruises,bruise,1
budgets,budget,1
bullets,bullet,1
bumpers,bumper,1
buns,bun,1
burglars,burglar,1
calculations,calculation,1
carbons,carbon,1
cardigans,cardigan,1
carelessness,carelessness,1
carnivals,carnival,1
carts,cart,1
catalogs,catalog,1
causes,cause,1
cells,cell,1
cellars,cellar,1
cellos,cello,1
chaos,chaos,1
characteristics,characteristic,1
charms,charm,1
charts,chart,1
chemicals,chemical,1
chests,chest,1
chimneys,chimney,1
chips,chip,1
choirs,choir,1
circumstances,circumstance,1
citizens,citizen,1
civilizations,civilization,1
claims,claim,1
classics,classic,1
clauses,clause,1
clients,client,1
cloths,cloth,1
clues,clue,1
codes,code,1
coincidences,coincidence,1
collapses,collapse,1
collectors,collector,1
collocations,collocation,1
columns,column,1
combinations,combination,1
comedians,comedian,1
comforts,comfort,1
commands,command,1
commitments,commitment,1
committees,committee,1
companions,companion,1
comparisons,comparison,1
composers,composer,1
compromises,compromise,1
concentrations,concentration,1
concepts,concept,1
concerns,concern,1
concretes,concrete,1
conductors,conductor,1
confessions,confession,1
confidences,confidence,1
confirmations,confirmation,1
conflicts,conflict,1
confusions,confusion,1
conjunctions,conjunction,1
consciousness,consciousness,1
consequences,consequence,1
considerations,consideration,1
constructions,construction,1
consultants,consultant,1
consumers,consumer,1
containers,container,1
contents,content,1
contexts,context,1
contrasts,contrast,1
contributions,contribution,1
controls,control,1
conveniences,convenience,1
coppers,copper,1
corporations,corporation,1
corridors,corridor,1
costumes,costume,1
councils,council,1
cowards,coward,1
crabs,crab,1
crafts,craft,1
creations,creation,1
critics,critic,1
criticisms,criticism,1
crocodiles,crocodile,1
crossroads,crossroads,1
cursors,cursor,1
cycles,cycle,1
darkness,darkness,1
darlings,darling,1
databases,database,1
dawns,dawn,1
daylights,daylight,1
daytimes,daytime,1
deadlines,deadline,1
deals,deal,1
dealers,dealer,1
debates,debate,1
debits,debit,1
debts,debt,1
decades,decade,1
declines,decline,1
decorations,decoration,1
deers,deer,1
defenders,defender,1
definitions,definition,1
delights,delight,1
demonstrations,demonstration,1
denims,denim,1
depressions,depression,1
desktops,desktop,1
despairs,despair,1
determinations,determination,1
determiners,determiner,1
devices,device,1
devils,devil,1
dialogues,dialogue,1
diamonds,diamond,1
dilemmas,dilemma,1
dimensions,dimension,1
diplomats,diplomat,1
disagreements,disagreement,1
disappearances,disappearance,1
disasters,disaster,1
disciplines,discipline,1
disgraces,disgrace,1
disguises,disguise,1
dislikes,dislike,1
disposals,disposal,1
dissatisfactions,dissatisfaction,1
distinctions,distinction,1
dives,dive,1
divisions,division,1
donations,donation,1
drafts,draft,1
drugs,drug,1
eagles,eagle,1
earthquakes,earthquake,1
eases,ease,1
economists,economist,1
editions,edition,1
editors,editor,1
electricians,electrician,1
electronics,electronics,1
elements,element,1
embarrassments,embarrassment,1
emotions,emotion,1
encouragements,encouragement,1
entertainers,entertainer,1
enthusiasms,enthusiasm,1
environments,environment,1
episodes,episode,1
equals,equal,1
eras,era,1
errors,error,1
escalators,escalator,1
estates,estate,1
estimates,estimate,1
evidences,evidence,1
evils,evil,1
exceptions,exception,1
exhaustions,exhaustion,1
existences,existence,1
expansions,expansion,1
expectations,expectation,1
expenses,expense,1
explosions,explosion,1
exports,export,1
expressions,expression,1
extensions,extension,1
extents,extent,1
extracts,extract,1
eyebrows,eyebrow,1
eyelids,eyelid,1
facilities,facilities,1
factors,factor,1
failures,failure,1
faiths,faith,1
fates,fate,1
faults,fault,1
feathers,feather,1
features,feature,1
feedbacks,feedback,1
females,female,1
fences,fence,1
finances,finance,1
fingernails,fingernail,1
firms,firm,1
flames,flame,1
flashlights,flashlight,1
flows,flow,1
fortunes,fortune,1
freedoms,freedom,1
friendliness,friendliness,1
frosts,frost,1
frustrations,frustration,1
functions,function,1
funerals,funeral,1
gangs,gang,1
gardeners,gardener,1
gears,gear,1
genders,gender,1
genetics,genetics,1
glances,glance,1
gods,god,1
goods,good,1
gossips,gossip,1
grants,grant,1
graphs,graph,1
greatness,greatness,1
griefs,grief,1
grounds,ground,1
growths,growth,1
guarantees,guarantee,1
gulfs,gulf,1
gums,gum,1
hammers,hammer,1
handles,handle,1
handouts,handout,1
harms,harm,1
harvests,harvest,1
headquarters,headquarters,1
heavens,heaven,1
hedges,hedge,1
hells,hell,1
helmets,helmet,1
helpers,helper,1
highlights,highlight,1
hints,hint,1
hips,hip,1
holds,hold,1
honors,honor,1
hoods,hood,1
hooks,hook,1
horns,horn,1
horrors,horror,1
hosts,host,1
households,household,1
humors,humor,1
hyphens,hyphen,1
icons,icon,1
idioms,idiom,1
idiots,idiot,1
images,image,1
immigrants,immigrant,1
impacts,impact,1
imperatives,imperative,1
impressions,impression,1
incidents,incident,1
incomes,income,1
increases,increase,1
individuals,individual,1
infections,infection,1
influences,influence,1
inhabitants,inhabitant,1
inputs,input,1
insides,inside,1
inspectors,inspector,1
inspirations,inspiration,1
institutes,institute,1
institutions,institution,1
insults,insult,1
insurances,insurance,1
intelligences,intelligence,1
intentions,intention,1
interiors,interior,1
interruptions,interruption,1
introductions,introduction,1
invasions,invasion,1
inventors,inventor,1
investigations,investigation,1
investigators,investigator,1
investments,investment,1
investors,investor,1
involvements,involvement,1
jaws,jaw,1
jewels,jewel,1
journalisms,journalism,1
journeys,journey,1
joys,joy,1
judgments,judgment,1
juniors,junior,1
kingdoms,kingdom,1
landings,landing,1
landlords,landlord,1
layers,layer,1
laziness,laziness,1
leads,lead,1
leaflets,leaflet,1
leaks,leak,1
learners,learner,1
leeks,leek,1
legends,legend,1
leopards,leopard,1
liars,liar,1
lids,lid,1
lifestyles,lifestyle,1
lifetimes,lifetime,1
litters,litter,1
livers,liver,1
livings,living,1
loads,load,1
loafs,loaf,1
lyrics,lyrics,1
majors,major,1
makers,maker,1
males,male,1
managements,management,1
manners,manner,1
manuals,manual,1
manufacturers,manufacturer,1
marathons,marathon,1
masks,mask,1
masters,master,1
matters,matter,1
mayors,mayor,1
measures,measure,1
measurements,measurement,1
medals,medal,1
mentions,mention,1
microphones,microphone,1
millions,million,1
mints,mint,1
miracles,miracle,1
missions,mission,1
mists,mist,1
misunderstandings,misunderstanding,1
mixtures,mixture,1
monitors,monitor,1
moonlights,moonlight,1
motivations,motivation,1
motives,motive,1
motors,motor,1
motorists,motorist,1
movements,movement,1
muds,mud,1
muscles,muscle,1
musicals,musical,1
myths,myth,1
nails,nail,1
napkins,napkin,1
nations,nation,1
needs,need,1
needles,needle,1
nerves,nerves,1
networks,network,1
novelists,novelist,1
nuisances,nuisance,1
nuts,nut,1
oaks,oak,1
objections,objection,1
obligations,obligation,1
observations,observation,1
obsessions,obsession,1
offenders,offender,1
openings,opening,1
operators,operator,1
opponents,opponent,1
organizers,organizer,1
origins,origin,1
originals,original,1
outlines,outline,1
outskirts,outskirts,1
owls,owl,1
oxygens,oxygen,1
paces,pace,1
packs,pack,1
packages,package,1
pancakes,pancake,1
paperworks,paperwork,1
parachutes,parachute,1
parenthesis,parenthesis,1
parliaments,parliament,1
partnerships,partnership,1
passages,passage,1
passions,passion,1
pauses,pause,1
pavements,pavement,1
paws,paw,1
payments,payment,1
pedals,pedal,1
pensions,pension,1
percentages,percentage,1
pharmacists,pharmacist,1
phases,phase,1
philosophers,philosopher,1
pines,pine,1
pints,pint,1
plots,plot,1
plumbers,plumber,1
poisons,poison,1
portions,portion,1
portraits,portrait,1
possessions,possession,1
potentials,potential,1
pounds,pound,1
predictions,prediction,1
preferences,preference,1
prejudices,prejudice,1
presences,presence,1
pressures,pressure,1
prides,pride,1
procedures,procedure,1
producers,producer,1
productions,production,1
professionals,professional,1
profiles,profile,1
profits,profit,1
promotions,promotion,1
proofs,proof,1
proposals,proposal,1
prospects,prospect,1
protections,protection,1
psychologists,psychologist,1
publications,publication,1
publishers,publisher,1
puddings,pudding,1
punishments,punishment,1
purchases,purchase,1
qualifications,qualification,1
quarrels,quarrel,1
rages,rage,1
rainbows,rainbow,1
rates,rate,1
rays,ray,1
razors,razor,1
reactions,reaction,1
rebels,rebel,1
receptions,reception,1
recessions,recession,1
recommendations,recommendation,1
recreations,recreation,1
reductions,reduction,1
referees,referee,1
references,reference,1
reflections,reflection,1
refugees,refugee,1
regrets,regret,1
regulations,regulation,1
rehearsals,rehearsal,1
releases,release,1
reliefs,relief,1
remarks,remark,1
replacements,replacement,1
representatives,representative,1
reputations,reputation,1
requirements,requirement,1
researchers,researcher,1
residents,resident,1
resources,resource,1
responses,response,1
retirements,retirement,1
revenges,revenge,1
revolutions,revolution,1
rhythms,rhythm,1
ribs,rib,1
rises,rise,1
risks,risk,1
rockets,rocket,1
roots,root,1
ropes,rope,1
rubbers,rubber,1
rumors,rumor,1
samples,sample,1
satellites,satellite,1
satisfactions,satisfaction,1
scales,scale,1
scandals,scandal,1
scents,scent,1
schemes,scheme,1
scripts,script,1
seals,seal,1
seeds,seed,1
selections,selection,1
semicolons,semicolon,1
seminars,seminar,1
seniors,senior,1
sensations,sensation,1
separations,separation,1
servants,servant,1
settings,setting,1
shares,share,1
sheds,shed,1
shells,shell,1
shelters,shelter,1
shifts,shift,1
shootings,shooting,1
shortages,shortage,1
shots,shot,1
sighs,sigh,1
signals,signal,1
skeletons,skeleton,1
slaves,slave,1
slopes,slope,1
smokers,smoker,1
softness,softness,1
soils,soil,1
solos,solo,1
soundtracks,soundtrack,1
sources,source,1
spectators,spectator,1
spirits,spirit,1
sponsors,sponsor,1
sprays,spray,1
spreads,spread,1
spreadsheets,spreadsheet,1
standards,standard,1
statements,statement,1
statistics,statistics,1
steams,steam,1
steels,steel,1
stepfathers,stepfather,1
stepmothers,stepmother,1
stocks,stock,1
stools,stool,1
stopovers,stopover,1
strains,strain,1
strengths,strength,1
strings,string,1
strokes,stroke,1
structures,structure,1
struggles,struggle,1
substances,substance,1
substitutes,substitute,1
suburbs,suburb,1
sufferings,suffering,1
suicides,suicide,1
suppliers,supplier,1
supporters,supporter,1
surfaces,surface,1
surroundings,surroundings,1
surveys,survey,1
survivals,survival,1
survivors,survivor,1
suspects,suspect,1
suspicions,suspicion,1
swans,swan,1
sweats,sweat,1
swings,swing,1
swords,sword,1
symbols,symbol,1
symptoms,symptom,1
tablecloths,tablecloth,1
tabloids,tabloid,1
tails,tail,1
tales,tale,1
tans,tan,1
targets,target,1
tasks,task,1
teaspoons,teaspoon,1
telecommunications,telecommunications,1
telescopes,telescope,1
tempers,temper,1
temptations,temptation,1
tensions,tension,1
terms,term,1
terminals,terminal,1
terraces,terrace,1
terrors,terror,1
thanks,thanks,1
thefts,theft,1
themes,theme,1
thermometers,thermometer,1
thighs,thigh,1
thirds,third,1
threats,threat,1
timings,timing,1
tiredness,tiredness,1
toenails,toenail,1
tombs,tomb,1
tools,tool,1
traditions,tradition,1
trails,trail,1
transfers,transfer,1
transports,transport,1
traps,trap,1
trays,tray,1
treatments,treatment,1
trials,trial,1
triangles,triangle,1
tribes,tribe,1
trusts,trust,1
truths,truth,1
tutors,tutor,1
understandings,understanding,1
unhappiness,unhappiness,1
upbringings,upbringing,1
updates,update,1
upgrades,upgrade,1
variations,variation,1
verses,verse,1
versions,version,1
victims,victim,1
viewers,viewer,1
vinegars,vinegar,1
visions,vision,1
vitamins,vitamin,1
volunteers,volunteer,1
voyages,voyage,1
waists,waist,1
waits,wait,1
wards,ward,1
wardrobes,wardrobe,1
wasps,wasp,1
weapons,weapon,1
wheats,wheat,1
whiskeys,whiskey,1
whistles,whistle,1
widows,widow,1
widths,width,1
willingness,willingness,1
wires,wire,1
worms,worm,1
wounds,wound,1
wrists,wrist,1
yachts,yacht,1
yells,yell,1
zebras,zebra,1
zippers,zipper,1
zucchinis,zucchini,1
abortions,abortion,1
acceptances,acceptance,1
accusations,accusation,1
acquaintances,acquaintance,1
adaptations,adaptation,1
administrations,administration,1
administrators,administrator,1
advisers,adviser,1
agendas,agenda,1
alerts,alert,1
allegations,allegation,1
allowances,allowance,1
alterations,alteration,1
amateurs,amateur,1
amendments,amendment,1
angles,angle,1
annoyances,annoyance,1
appetites,appetite,1
appliances,appliance,1
archaeologists,archaeologist,1
assets,asset,1
assumptions,assumption,1
assurances,assurance,1
attendances,attendance,1
attorneys,attorney,1
auctions,auction,1
auditions,audition,1
avenues,avenue,1
awareness,awareness,1
beaks,beak,1
blanks,blank,1
blindness,blindness,1
brackets,bracket,1
bribes,bribe,1
bubbles,bubble,1
bumps,bump,1
burdens,burden,1
campaigns,campaign,1
cancellations,cancellation,1
captures,capture,1
cautions,caution,1
chores,chore,1
closeness,closeness,1
coals,coal,1
collaborations,collaboration,1
completions,completion,1
complications,complication,1
components,component,1
congestions,congestion,1
consents,consent,1
constitutions,constitution,1
contestants,contestant,1
conventions,convention,1
coolness,coolness,1
counterparts,counterpart,1
crawls,crawl,1
criterions,criterion,1
cultivations,cultivation,1
cutbacks,cutback,1
debuts,debut,1
declarations,declaration,1
dedications,dedication,1
deductions,deduction,1
defects,defect,1
deficits,deficit,1
delegates,delegate,1
deodorants,deodorant,1
developers,developer,1
diesels,diesel,1
dimes,dime,1
disapprovals,disapproval,1
discomforts,discomfort,1
discontents,discontent,1
discriminations,discrimination,1
dismissals,dismissal,1
disorders,disorder,1
displacements,displacement,1
disrespects,disrespect,1
disruptions,disruption,1
dissertations,dissertation,1
distractions,distraction,1
distributions,distribution,1
disturbances,disturbance,1
divides,divide,1
docks,dock,1
domains,domain,1
downsides,downside,1
drawbacks,drawback,1
dumps,dump,1
durations,duration,1
effectiveness,effectiveness,1
elegances,elegance,1
elites,elite,1
emissions,emission,1
emperors,emperor,1
empires,empire,1
enterprises,enterprise,1
environmentalists,environmentalist,1
equations,equation,1
equivalents,equivalent,1
erosions,erosion,1
establishments,establishment,1
evaluations,evaluation,1
exaggerations,exaggeration,1
executives,executive,1
exhausts,exhaust,1
exhibits,exhibit,1
expenses,expenses,1
explorations,exploration,1
exposures,exposure,1
exteriors,exterior,1
extinctions,extinction,1
extroverts,extrovert,1
fabrics,fabric,1
fairness,fairness,1
fascinations,fascination,1
feasts,feast,1
federations,federation,1
flairs,flair,1
flaws,flaw,1
fleets,fleet,1
footsteps,footstep,1
formats,format,1
formulas,formula,1
foundations,foundation,1
frictions,friction,1
frights,fright,1
funds,fund,1
gadgets,gadget,1
gains,gain,1
garments,garment,1
gatherings,gathering,1
generalizations,generalization,1
germs,germ,1
gerunds,gerund,1
gestures,gesture,1
giants,giant,1
glamours,glamour,1
glimpses,glimpse,1
greeds,greed,1
guidelines,guideline,1
habitats,habitat,1
harassments,harassment,1
hardships,hardship,1
hates,hate,1
hatreds,hatred,1
hazards,hazard,1
headings,heading,1
historians,historian,1
hunts,hunt,1
hygienes,hygiene,1
icebergs,iceberg,1
idols,idol,1
illustrations,illustration,1
implications,implication,1
imports,import,1
inclusions,inclusion,1
inconveniences,inconvenience,1
indications,indication,1
infrastructures,infrastructure,1
initiatives,initiative,1
injustices,injustice,1
innovations,innovation,1
insights,insight,1
inspections,inspection,1
installations,installation,1
instances,instance,1
interactions,interaction,1
jargons,jargon,1
joints,joint,1
journals,journal,1
knobs,knob,1
labors,labor,1
landmarks,landmark,1
lawns,lawn,1
layouts,layout,1
leaderships,leadership,1
liberations,liberation,1
limitations,limitation,1
listeners,listener,1
logs,log,1
logics,logic,1
loneliness,loneliness,1
lounges,lounge,1
mammals,mammal,1
mansions,mansion,1
mechanisms,mechanism,1
memos,memo,1
migrations,migration,1
misfortunes,misfortune,1
modes,mode,1
modifications,modification,1
mustards,mustard,1
neglects,neglect,1
negotiations,negotiation,1
nervousness,nervousness,1
newsletters,newsletter,1
nominations,nomination,1
norms,norm,1
notions,notion,1
nutritions,nutrition,1
obstacles,obstacle,1
occurrences,occurrence,1
odds,odds,1
oppositions,opposition,1
optimists,optimist,1
organs,organ,1
orientations,orientation,1
ounces,ounce,1
outcomes,outcome,1
outlets,outlet,1
outlooks,outlook,1
overviews,overview,1
ozones,ozone,1
palms,palm,1
paradises,paradise,1
participants,participant,1
peasants,peasant,1
peeks,peek,1
peers,peer,1
perfections,perfection,1
perks,perk,1
permits,permit,1
perspectives,perspective,1
postures,posture,1
precautions,precaution,1
predators,predator,1
prestiges,prestige,1
principles,principle,1
prints,print,1
privileges,privilege,1
programmers,programmer,1
progressions,progression,1
projections,projection,1
proportions,proportion,1
propositions,proposition,1
prostitutes,prostitute,1
proteins,protein,1
providers,provider,1
provisions,provision,1
pulses,pulse,1
pyramids,pyramid,1
radiations,radiation,1
raises,raise,1
ranks,rank,1
ratings,rating,1
ratios,ratio,1
readerships,readership,1
readiness,readiness,1
realizations,realization,1
rebellions,rebellion,1
reconstructions,reconstruction,1
rectangles,rectangle,1
redevelopments,redevelopment,1
refusals,refusal,1
reigns,reign,1
reminders,reminder,1
renewals,renewal,1
renovations,renovation,1
reproductions,reproduction,1
reptiles,reptile,1
republics,republic,1
restrictions,restriction,1
retails,retail,1
revenues,revenue,1
richness,richness,1
riots,riot,1
rivals,rival,1
runways,runway,1
sacks,sack,1
sacrifices,sacrifice,1
saints,saint,1
scholars,scholar,1
scholarships,scholarship,1
sectors,sector,1
selfishness,selfishness,1
sequences,sequence,1
serials,serial,1
setbacks,setback,1
settlements,settlement,1
shames,shame,1
shortcomings,shortcoming,1
shuttles,shuttle,1
shyness,shyness,1
significances,significance,1
simulations,simulation,1
slangs,slang,1
slogans,slogan,1
slots,slot,1
smogs,smog,1
socialists,socialist,1
solitudes,solitude,1
spams,spam,1
specifications,specification,1
spectrums,spectrum,1
speculations,speculation,1
spheres,sphere,1
spines,spine,1
spokespersons,spokesperson,1
sponsorships,sponsorship,1
staircases,staircase,1
staminas,stamina,1
stands,stand,1
statistics,statistic,1
stereotypes,stereotype,1
stockings,stocking,1
straws,straw,1
strikers,striker,1
strolls,stroll,1
substitutions,substitution,1
subtitles,subtitles,1
successors,successor,1
summits,summit,1
superiors,superior,1
supervisors,supervisor,1
surges,surge,1
surgeons,surgeon,1
tactics,tactic,1
tailpipes,tailpipe,1
takeovers,takeover,1
tanks,tank,1
teamworks,teamwork,1
technicians,technician,1
technos,techno,1
textures,texture,1
therapists,therapist,1
thrills,thrill,1
tobaccos,tobacco,1
tokens,token,1
tolls,toll,1
tortures,torture,1
trainees,trainee,1
transactions,transaction,1
transformations,transformation,1
treks,trek,1
triumphs,triumph,1
trousers,trousers,1
tuitions,tuition,1
tunes,tune,1
twists,twist,1
undershirts,undershirt,1
unwillingness,unwillingness,1
usages,usage,1
usefulness,usefulness,1
variables,variable,1
vegetations,vegetation,1
veils,veil,1
veins,vein,1
verdicts,verdict,1
viewpoints,viewpoint,1
vines,vine,1
walkers,walker,1
warriors,warrior,1
wits,wit,1
workforces,workforce,1
workplaces,workplace,1
workshops,workshop,1
youngsters,youngster,1
accumulations,accumulation,1
acres,acre,1
adolescents,adolescent,1
alcoholics,alcoholic,1
alliances,alliance,1
allocations,allocation,1
anchors,anchor,1
antibiotics,antibiotic,1
anticipations,anticipation,1
aspirations,aspiration,1
assaults,assault,1
attributes,attribute,1
awes,awe,1
barks,bark,1
barns,barn,1
bets,bet,1
blackmails,blackmail,1
blends,blend,1
blisters,blister,1
blows,blow,1
bundles,bundle,1
burials,burial,1
carriages,carriage,1
casseroles,casserole,1
catastrophes,catastrophe,1
chancellors,chancellor,1
charismas,charisma,1
cheers,cheer,1
cheerfulness,cheerfulness,1
chills,chill,1
circuits,circuit,1
circulations,circulation,1
civilians,civilian,1
classifications,classification,1
closures,closure,1
clumsiness,clumsiness,1
coastlines,coastline,1
coldness,coldness,1
combats,combat,1
comebacks,comeback,1
commanders,commander,1
complexions,complexion,1
compliments,compliment,1
conceptions,conception,1
concessions,concession,1
confrontations,confrontation,1
consciences,conscience,1
consensus,consensus,1
constraints,constraint,1
consultations,consultation,1
contempts,contempt,1
contraceptions,contraception,1
contraceptives,contraceptive,1
contradictions,contradiction,1
conversions,conversion,1
convictions,conviction,1
corals,coral,1
cores,core,1
counsels,counsel,1
counselings,counseling,1
counselors,counselor,1
cracks,crack,1
crackdowns,crackdown,1
cravings,craving,1
craziness,craziness,1
creeps,creep,1
crystals,crystal,1
decays,decay,1
deceptions,deception,1
delegations,delegation,1
denials,denial,1
deprivations,deprivation,1
descendants,descendant,1
deterrents,deterrent,1
devastations,devastation,1
diagnosis,diagnosis,1
dialects,dialect,1
diarrheas,diarrhea,1
dices,dice,1
disgusts,disgust,1
dismays,dismay,1
dispositions,disposition,1
disputes,dispute,1
dnas,dna,1
donors,donor,1
dooms,doom,1
doorways,doorway,1
drains,drain,1
droughts,drought,1
eliminations,elimination,1
embraces,embrace,1
endeavors,endeavor,1
endurances,endurance,1
essences,essence,1
ethics,ethic,1
exiles,exile,1
expenditures,expenditure,1
explosives,explosive,1
fakes,fake,1
fanatics,fanatic,1
feats,feat,1
filters,filter,1
fireplaces,fireplace,1
fists,fist,1
flashbacks,flashback,1
fluids,fluid,1
followers,follower,1
forgiveness,forgiveness,1
formations,formation,1
fouls,foul,1
fractions,fraction,1
fragrances,fragrance,1
frameworks,framework,1
frauds,fraud,1
fringes,fringe,1
frontiers,frontier,1
frowns,frown,1
fulfillments,fulfillment,1
gambles,gamble,1
gasps,gasp,1
gazes,gaze,1
glares,glare,1
glows,glow,1
goodness,goodness,1
grins,grin,1
groans,groan,1
grounds,grounds,1
hails,hail,1
hauls,haul,1
heaps,heap,1
heirs,heir,1
hesitations,hesitation,1
homelessness,homelessness,1
horizons,horizon,1
hostages,hostage,1
illusions,illusion,1
imitations,imitation,1
implementations,implementation,1
imprisonments,imprisonment,1
impulses,impulse,1
incentives,incentive,1
inclinations,inclination,1
indicators,indicator,1
infants,infant,1
inferiors,inferior,1
inheritances,inheritance,1
inhibitions,inhibition,1
injections,injection,1
insomnias,insomnia,1
instincts,instinct,1
instructions,instruction,1
intellects,intellect,1
intellectuals,intellectual,1
intents,intent,1
interpretations,interpretation,1
intervals,interval,1
interventions,intervention,1
intolerances,intolerance,1
introverts,introvert,1
intruders,intruder,1
intrusions,intrusion,1
intuitions,intuition,1
irritations,irritation,1
janitors,janitor,1
jugs,jug,1
justifications,justification,1
kidneys,kidney,1
knots,knot,1
knuckles,knuckle,1
lawsuits,lawsuit,1
leaps,leap,1
leaves,leave,1
legislations,legislation,1
linens,linen,1
lofts,loft,1
longings,longing,1
lumbers,lumber,1
lumps,lump,1
lures,lure,1
margins,margin,1
massacres,massacre,1
masterpieces,masterpiece,1
materialisms,materialism,1
materialists,materialist,1
medications,medication,1
mediums,medium,1
memorials,memorial,1
mergers,merger,1
metaphors,metaphor,1
millenniums,millennium,1
mishaps,mishap,1
misinterpretations,misinterpretation,1
missiles,missile,1
morales,morale,1
motions,motion,1
muddles,muddle,1
murmurs,murmur,1
narratives,narrative,1
narrators,narrator,1
neckties,necktie,1
nerves,nerve,1
nests,nest,1
nostalgias,nostalgia,1
nostrils,nostril,1
observers,observer,1
odors,odor,1
officials,official,1
omissions,omission,1
openness,openness,1
optimisms,optimism,1
ordeals,ordeal,1
ornaments,ornament,1
orphans,orphan,1
outbreaks,outbreak,1
outputs,output,1
outrages,outrage,1
overloads,overload,1
pacts,pact,1
paradigms,paradigm,1
parallels,parallel,1
particles,particle,1
pastimes,pastime,1
perceptions,perception,1
perseverances,perseverance,1
persuasions,persuasion,1
pioneers,pioneer,1
pits,pit,1
plagues,plague,1
pleas,plea,1
plights,plight,1
poles,pole,1
portrayals,portrayal,1
practitioners,practitioner,1
precedents,precedent,1
predecessors,predecessor,1
premiums,premium,1
presumptions,presumption,1
preys,prey,1
proceedings,proceedings,1
processions,procession,1
produces,produce,1
propagandas,propaganda,1
prosecutions,prosecution,1
prosecutors,prosecutor,1
protagonists,protagonist,1
proverbs,proverb,1
provinces,province,1
provocations,provocation,1
psychiatrists,psychiatrist,1
pursuits,pursuit,1
quotations,quotation,1
quotes,quote,1
racists,racist,1
radicals,radical,1
raids,raid,1
realms,realm,1
reassurances,reassurance,1
recognitions,recognition,1
recollections,recollection,1
recruits,recruit,1
referendums,referendum,1
reforms,reform,1
regimes,regime,1
rejections,rejection,1
remorses,remorse,1
repetitions,repetition,1
representations,representation,1
resemblances,resemblance,1
resentments,resentment,1
reserves,reserve,1
resignations,resignation,1
resiliences,resilience,1
resistances,resistance,1
resolutions,resolution,1
resolves,resolve,1
restraints,restraint,1
retailers,retailer,1
retentions,retention,1
retreats,retreat,1
reunions,reunion,1
revelations,revelation,1
reversals,reversal,1
reverses,reverse,1
revivals,revival,1
rhymes,rhyme,1
ribbons,ribbon,1
riches,riches,1
rituals,ritual,1
roars,roar,1
rounds,round,1
rulings,ruling,1
saddles,saddle,1
sails,sail,1
sanctions,sanction,1
sayings,saying,1
scans,scan,1
scenarios,scenario,1
sentiments,sentiment,1
shields,shield,1
shovels,shovel,1
siblings,sibling,1
silverwares,silverware,1
simplifications,simplification,1
sips,sip,1
sirens,siren,1
skulls,skull,1
slaps,slap,1
slaughters,slaughter,1
snobs,snob,1
socialisms,socialism,1
sorrows,sorrow,1
sparks,spark,1
specimens,specimen,1
splendors,splendor,1
spotlights,spotlight,1
spouses,spouse,1
squads,squad,1
standpoints,standpoint,1
stimulus,stimulus,1
strands,strand,1
straps,strap,1
stubbornness,stubbornness,1
sufferers,sufferer,1
supplements,supplement,1
surnames,surname,1
synonyms,synonym,1
tacts,tact,1
taxpayers,taxpayer,1
tenants,tenant,1
tenderness,tenderness,1
thinkers,thinker,1
threads,thread,1
thresholds,threshold,1
thrones,throne,1
timbers,timber,1
toddlers,toddler,1
tolerances,tolerance,1
toughness,toughness,1
tractors,tractor,1
traders,trader,1
traits,trait,1
transitions,transition,1
transmissions,transmission,1
transplants,transplant,1
traumas,trauma,1
treats,treat,1
tributes,tribute,1
trios,trio,1
turmoils,turmoil,1
undertakings,undertaking,1
upkeeps,upkeep,1
urges,urge,1
vaccinations,vaccination,1
vandalisms,vandalism,1
velvets,velvet,1
ventures,venture,1
vests,vest,1
veterans,veteran,1
vices,vice,1
virgins,virgin,1
virtues,virtue,1
vocations,vocation,1
voters,voter,1
vows,vow,1
warehouses,warehouse,1
weeds,weed,1
whims,whim,1
willpowers,willpower,1
withdrawals,withdrawal,1
woodlands,woodland,1
workaholics,workaholic,1
worships,worship,1
wrecks,wreck,1
wreckages,wreckage,1
wrinkles,wrinkle,1
clothes,clothes,1
draughts,draught,1
fibres,fibre,1
magistrates,magistrate,1
overdrafts,overdraft,1
pensioners,pensioner,1
solicitors,solicitor,1
soyas,soya,1
turnovers,turnover,1
savings,saving,1
defences,defence,1
regards,regard,1
labours,labour,1
counsellings,counselling,1
counsellors,counsellor,1
diarrhoeas,diarrhoea,1
endeavours,endeavour,1
lifespans,lifespan,1
odours,odour,1
outgoings,outgoings,1
reads,read,1
spades,spade,1
splendours,splendour,1
villagers,villager,1
discs,disc,1
colours,colour,1
favourites,favourite,1
humours,humour,1
counts,count,1
fulfilments,fulfilment,1
centres,centre,1
flavours,flavour,1
autumns,autumn,1
cafes,cafe,1
kilometres,kilometre,1
metres,metre,1
mums,mum,1
neighbours,neighbour,1
programmes,programme,1
theatres,theatre,1
websites,website,1
apps,app,1
behaviours,behaviour,1
biscuits,biscuit,1
cookers,cooker,1
mathematics,mathematics,1
moons,moon,1
railways,railway,1
stairs,stair,1
travellers,traveller,1
accommodations,accommodation,1
hurricanes,hurricane,1
neighbourhoods,neighbourhood,1
tapes,tape,1
tyres,tyre,1
beings,being,1
findings,finding,1
genres,genre,1
hearings,hearing,1
judgements,judgement,1
minerals,mineral,1
offences,offence,1
universes,universe,1
aliens,alien,1
applicants,applicant,1
artworks,artwork,1
broadcasters,broadcaster,1
bucks,buck,1
clips,clip,1
compounds,compound,1
cowboys,cowboy,1
cues,cue,1
entrepreneurs,entrepreneur,1
expertises,expertise,1
forums,forum,1
fossils,fossil,1
fragments,fragment,1
gallons,gallon,1
greenhouses,greenhouse,1
kindergartens,kindergarten,1
lyrics,lyric,1
makings,making,1
markers,marker,1
navigations,navigation,1
nickels,nickel,1
outfits,outfit,1
packets,packet,1
participations,participation,1
physicians,physician,1
placements,placement,1
protesters,protester,1
punks,punk,1
receivers,receiver,1
revisions,revision,1
screenings,screening,1
seekers,seeker,1
settlers,settler,1
troops,troop,1
tsunamis,tsunami,1
accomplishments,accomplishment,1
acquisitions,acquisition,1
aftermaths,aftermath,1
aides,aide,1
alignments,alignment,1
apparels,apparel,1
archives,archive,1
arenas,arena,1
arrays,array,1
assassinations,assassination,1
assertions,assertion,1
asylums,asylum,1
audits,audit,1
autos,auto,1
backdrops,backdrop,1
bails,bail,1
ballots,ballot,1
banners,banner,1
barrels,barrel,1
battlefields,battlefield,1
benchmarks,benchmark,1
beverages,beverage,1
bishops,bishop,1
blasts,blast,1
blessings,blessing,1
bookings,booking,1
booms,boom,1
buffers,buffer,1
casinos,casino,1
chambers,chamber,1
chunks,chunk,1
citizenships,citizenship,1
clusters,cluster,1
coalitions,coalition,1
cocktails,cocktail,1
collisions,collision,1
columnists,columnist,1
commentators,commentator,1
commissioners,commissioner,1
compassions,compassion,1
compensations,compensation,1
compliances,compliance,1
configurations,configuration,1
congregations,congregation,1
contenders,contender,1
contentions,contention,1
contractors,contractor,1
contributors,contributor,1
coordinators,coordinator,1
copyrights,copyright,1
correlations,correlation,1
correspondences,correspondence,1
correspondents,correspondent,1
creators,creator,1
critiques,critique,1
cuttings,cutting,1
debris,debris,1
deeds,deed,1
defaults,default,1
demons,demon,1
deployments,deployment,1
descents,descent,1
detentions,detention,1
dictators,dictator,1
disclosures,disclosure,1
discourses,discourse,1
doctrines,doctrine,1
duos,duo,1
educators,educator,1
egos,ego,1
endorsements,endorsement,1
enforcements,enforcement,1
engagements,engagement,1
enthusiasts,enthusiast,1
epidemics,epidemic,1
exclusions,exclusion,1
executions,execution,1
exploitations,exploitation,1
factions,faction,1
fibers,fiber,1
filmmakers,filmmaker,1
firearms,firearm,1
footages,footage,1
genocides,genocide,1
gigs,gig,1
governances,governance,1
grids,grid,1
guerrillas,guerrilla,1
guts,gut,1
handfuls,handful,1
homelands,homeland,1
hydrogens,hydrogen,1
incarcerations,incarceration,1
incidences,incidence,1
indictments,indictment,1
inmates,inmate,1
insertions,insertion,1
insiders,insider,1
intakes,intake,1
interfaces,interface,1
intersections,intersection,1
jurisdictions,jurisdiction,1
laps,lap,1
lawmakers,lawmaker,1
legislatures,legislature,1
limbs,limb,1
listings,listing,1
loops,loop,1
magnitudes,magnitude,1
mainlands,mainland,1
mandates,mandate,1
manipulations,manipulation,1
manuscripts,manuscript,1
marketplaces,marketplace,1
meditations,meditation,1
mentors,mentor,1
merchants,merchant,1
militias,militia,1
mills,mill,1
mobs,mob,1
modules,module,1
niches,niche,1
nominees,nominee,1
offerings,offering,1
outings,outing,1
outsiders,outsider,1
pads,pad,1
parameters,parameter,1
patents,patent,1
pathways,pathway,1
patrons,patron,1
petitions,petition,1
pipelines,pipeline,1
polls,poll,1
portfolios,portfolio,1
prevalences,prevalence,1
privatizations,privatization,1
proceedings,proceeding,1
proceeds,proceeds,1
processors,processor,1
protocols,protocol,1
quotas,quota,1
radars,radar,1
rankings,ranking,1
recipients,recipient,1
regulators,regulator,1
rehabilitations,rehabilitation,1
remainders,remainder,1
removals,removal,1
rentals,rental,1
residues,residue,1
restorations,restoration,1
rhetorics,rhetoric,1
rods,rod,1
rookies,rookie,1
rosters,roster,1
rotations,rotation,1
sakes,sake,1
segments,segment,1
setups,setup,1
shareholders,shareholder,1
sophomores,sophomore,1
spectacles,spectacle,1
stakes,stake,1
submissions,submission,1
subscribers,subscriber,1
subscriptions,subscription,1
successions,succession,1
suites,suite,1
superintendents,superintendent,1
surveillances,surveillance,1
suspensions,suspension,1
syndromes,syndrome,1
tenures,tenure,1
terrains,terrain,1
trademarks,trademark,1
trailers,trailer,1
transcripts,transcript,1
transits,transit,1
trustees,trustee,1
tumors,tumor,1
turnouts,turnout,1
undergraduates,undergraduate,1
vacuums,vacuum,1
vessels,vessel,1
violations,violation,1
mrs,mr,1
republicans,republican,1
democrats,democrat,1
senators,senator,1
governors,governor,1
bureaus,bureau,1
creeks,creek,1
tablespoons,tablespoon,1
respondents,respondent,1
pants,pant,1
bibles,bible,1
affiliations,affiliation,1
techs,tech,1
fighters,fighter,1
mamas,mama,1
sanctions,sanctions,1
hunters,hunter,1
catholics,catholic,1
defendants,defendant,1
clays,clay,1
quarterbacks,quarterback,1
pitchers,pitcher,1
servings,serving,1
sheriffs,sheriff,1
hallways,hallway,1
hays,hay,1
lieutenants,lieutenant,1
clerks,clerk,1
jurors,juror,1
carbohydrates,carbohydrate,1
colonels,colonel,1
popes,pope,1
playoffs,playoff,1
scouts,scout,1
automobiles,automobile,1
brokers,broker,1
sodiums,sodium,1
starters,starter,1
courtrooms,courtroom,1
pickups,pickup,1
sergeants,sergeant,1
pros,pro,1
wagons,wagon,1
elders,elder,1
racks,rack,1
inns,inn,1
gospels,gospel,1
cords,cord,1
statutes,statute,1
diabetes,diabetes,1
thanksgivings,thanksgiving,1
alleys,alley,1
touchdowns,touchdown,1
eves,eve,1
stacks,stack,1
teammates,teammate,1
videotapes,videotape,1
aisles,aisle,1
planners,planner,1
orbits,orbit,1
hormones,hormone,1
organisms,organism,1
ecosystems,ecosystem,1
legislators,legislator,1
astronomers,astronomer,1
streaks,streak,1
doughs,dough,1
dynamics,dynamics,1
molecules,molecule,1
driveways,driveway,1
vendors,vendor,1
artifacts,artifact,1
basins,basin,1
fatigues,fatigue,1
nutrients,nutrient,1
ridges,ridge,1
plazas,plaza,1
bolts,bolt,1
marbles,marble,1
sensors,sensor,1
pistols,pistol,1
plaintiffs,plaintiff,1
emails,email,1
commissions,commission,1
honours,honour,1
slides,slide,1
mates,mate,1
tags,tag,1
halts,halt,1
patrols,patrol,1
pledges,pledge,1
screws,screw,1
spans,span,1
stems,stem,1
warrants,warrant,1
mobiles,mobile,1
teens,teen,1
cults,cult,1
feminists,feminist,1
militants,militant,1
beaches,beach,1
boxes,box,1
fishes,fish,1
lunches,lunch,1
marches,march,1
potatoes,potato,1
sandwiches,sandwich,1
tomatoes,tomato,1
watches,watch,1
brushes,brush,1
cashes,cash,1
churches,church,1
dishes,dish,1
jazzes,jazz,1
mangoes,mango,1
matches,match,1
mousses,mouse,1
toothbrushes,toothbrush,1
branches,branch,1
bunches,bunch,1
coaches,coach,1
finishes,finish,1
flues,flu,1
heroes,hero,1
inches,inch,1
mixes,mix,1
peaches,peace,1
peaches,peach,1
pushes,push,1
researches,research,1
searches,search,1
sexes,sex,1
speeches,speech,1
spinaches,spinach,1
squashes,squash,1
switches,switch,1
taxes,tax,1
trashes,trash,1
approaches,approach,1
benches,bench,1
dashes,dash,1
eyelashes,eyelash,1
flashes,flash,1
foxes,fox,1
prefixes,prefix,1
punches,punch,1
reaches,reach,1
rushes,rush,1
scratches,scratch,1
slashes,slash,1
splashes,splash,1
suffixes,suffix,1
touches,touch,1
wishes,wish,1
clutches,clutch,1
complexes,complex,1
indexes,index,1
launches,launch,1
sketches,sketch,1
stretches,stretch,1
arches,arch,1
buzzes,buzz,1
cargoes,cargo,1
clashes,clash,1
crushes,crush,1
echoes,echo,1
fleshes,flesh,1
influxes,influx,1
paradoxes,paradox,1
patches,patch,1
pitches,pitch,1
rashes,rash,1
relishes,relish,1
reproaches,reproach,1
stitches,stitch,1
couches,couch,1
rubbishes,rubbish,1
ashes,ash,1
breaches,breach,1
emergencies,emergence,1
excellencies,excellence,1
porches,porch,1
ranches,ranch,1
auguries,august,1
babies,baby,1
bodies,body,1
cities,city,1
countries,country,1
dictionaries,dictionary,1
factories,factory,1
families,family,1
nationalities,nationality,1
parties,party,1
universities,university,1
activities,activity,1
batteries,battery,1
biologies,biology,1
candies,candy,1
centuries,century,1
companies,company,1
curries,curry,1
diaries,diary,1
geographies,geography,1
grannies,granny,1
histories,history,1
hobbies,hobby,1
jellies,jelly,1
libraries,library,1
magpies,magic,1
memories,memory,1
secretaries,secretary,1
stories,story,1
vocabularies,vocabulary,1
abilities,ability,1
agencies,agency,1
anniversaries,anniversary,1
apologies,apology,1
balconies,balcony,1
beauties,beauty,1
biographies,biography,1
butterflies,butterfly,1
celebrities,celebrity,1
ceremonies,ceremony,1
charities,charity,1
comedies,comedy,1
copies,copy,1
currencies,currency,1
deliveries,delivery,1
difficulties,difficulty,1
documentaries,documentary,1
duties,duty,1
embassies,embassy,1
emergencies,emergency,1
enemies,enemy,1
energies,energy,1
entries,entry,1
facilities,facility,1
ferries,ferry,1
galleries,gallery,1
hurries,hurry,1
industries,industry,1
inquiries,inquiry,1
laboratories,laboratory,1
ladies,lady,1
lotteries,lottery,1
luxuries,luxury,1
mysteries,mystery,1
opportunities,opportunity,1
pennies,penny,1
pharmacies,pharmacy,1
photocopies,photocopy,1
possibilities,possibility,1
properties,property,1
puppies,puppy,1
qualities,quality,1
quantities,quantity,1
replies,reply,1
securities,security,1
societies,society,1
strawberries,strawberry,1
studies,study,1
technologies,technology,1
varieties,variety,1
worries,worry,1
worries,worst,1
accuracies,accuracy,1
anxieties,anxiety,1
authorities,authority,1
bakeries,bakery,1
berries,berry,1
burglaries,burglary,1
capacities,capacity,1
categories,category,1
cemeteries,cemetery,1
certainties,certainty,1
cherries,cherry,1
communities,community,1
counties,county,1
courtesies,courtesy,1
cruelties,cruelty,1
curiosities,curiosity,1
democracies,democracy,1
disabilities,disability,1
discoveries,discovery,1
economies,economy,1
efficiencies,efficiency,1
envies,envy,1
faculties,faculty,1
fantasies,fantasy,1
generosities,generosity,1
harmonies,harmony,1
identities,identity,1
injuries,injury,1
juries,jury,1
landladies,landlady,1
laundries,laundry,1
liberties,liberty,1
lobbies,lobby,1
loyalties,loyalty,1
majorities,majority,1
minorities,minority,1
miseries,misery,1
navies,navy,1
nurseries,nursery,1
penalties,penalty,1
personalities,personality,1
philosophies,philosophy,1
pities,pity,1
policies,policy,1
potteries,pottery,1
presidencies,presidency,1
priorities,priority,1
psychologies,psychology,1
realities,reality,1
recoveries,recovery,1
remedies,remedy,1
responsibilities,responsibility,1
robberies,robbery,1
similarities,similarity,1
strategies,strategy,1
summaries,summary,1
supplies,supply,1
surgeries,surgery,1
sympathies,sympathy,1
territories,territory,1
territories,terrorism,1
theories,theory,1
therapies,therapy,1
tragedies,tragedy,1
trophies,trophy,1
victories,victory,1
accessories,accessory,1
allies,ally,1
boundaries,boundary,1
bullies,bully,1
capabilities,capability,1
commodities,commodity,1
controversies,controversy,1
deficiencies,deficiency,1
densities,density,1
deputies,deputy,1
destinies,destiny,1
directories,directory,1
diversities,diversity,1
ecologies,ecology,1
geologies,geology,1
glories,glory,1
hospitalities,hospitality,1
inaccuracies,inaccuracy,1
itineraries,itinerary,1
jealousies,jealousy,1
liabilities,liability,1
literacies,literacy,1
ministries,ministry,1
necessities,necessity,1
pastries,pastry,1
ponies,pony,1
pregnancies,pregnancy,1
probabilities,probability,1
prosperities,prosperity,1
rarities,rarity,1
reliabilities,reliability,1
sensitivities,sensitivity,1
simplicities,simplicity,1
solidarities,solidarity,1
specialties,specialty,1
subsidies,subsidy,1
tendencies,tendency,1
uncertainties,uncertainty,1
unities,unity,1
vacancies,vacancy,1
worries,worse,1
ambiguities,ambiguity,1
analogies,analogy,1
armies,army,1
assemblies,assembly,1
bureaucracies,bureaucracy,1
casualties,casualty,1
complexities,complexity,1
continuities,continuity,1
credibilities,credibility,1
custodies,custody,1
dignities,dignity,1
diplomacies,diplomacy,1
empathies,empathy,1
entities,entity,1
forgeries,forgery,1
frenzies,frenzy,1
furies,fury,1
hierarchies,hierarchy,1
hostilities,hostility,1
humilities,humility,1
hypocrisies,hypocrisy,1
inequalities,inequality,1
inferiorities,inferiority,1
insecurities,insecurity,1
intensities,intensity,1
ironies,irony,1
legacies,legacy,1
mediocrities,mediocrity,1
melodies,melody,1
mercies,mercy,1
monopolies,monopoly,1
mortalities,mortality,1
novelties,novelty,1
proximities,proximity,1
rallies,rally,1
rivalries,rivalry,1
scarcities,scarcity,1
scrutinies,scrutiny,1
sensibilities,sensibility,1
tranquilities,tranquility,1
treaties,treaty,1
trilogies,trilogy,1
vanities,vanity,1
vitalities,vitality,1
redundancies,redundancy,1
specialities,speciality,1
tellies,telly,1
cutleries,cutlery,1
enquiries,enquiry,1
lorries,lorry,1
frequencies,frequency,1
colonies,colony,1
conspiracies,conspiracy,1
academies,academy,1
accountabilities,accountability,1
atrocities,atrocity,1
autonomies,autonomy,1
bankruptcies,bankruptcy,1
beneficiaries,beneficiary,1
buddies,buddy,1
commentaries,commentary,1
felonies,felony,1
gravities,gravity,1
ideologies,ideology,1
inventories,inventory,1
methodologies,methodology,1
mobilities,mobility,1
queries,query,1
sovereignties,sovereignty,1
testimonies,testimony,1
theologies,theology,1
transparencies,transparency,1
utilities,utility,1
vulnerabilities,vulnerability,1
daddies,daddy,1
groceries,grocery,1
galaxies,galaxy,1
bellies,belly,1
equities,equity,1
treasuries,treasury,1
missionaries,missionary,1